Classical Mythology,Mark P. O. Morford,http://images.amazon.com/images/P/0195153448.01.LZZZZZZZ.jpg
Clara Callan,Richard Bruce Wright,http://images.amazon.com/images/P/0002005018.01.LZZZZZZZ.jpg
Decision in Normandy,Carlo D'Este,http://images.amazon.com/images/P/0060973129.01.LZZZZZZZ.jpg
Flu: The Story of the Great Influenza Pandemic of 1918 and the Search for the Virus That Caused It,Gina Bari Kolata,http://images.amazon.com/images/P/0374157065.01.LZZZZZZZ.jpg
The Mummies of Urumchi,E. J. W. Barber,http://images.amazon.com/images/P/0393045218.01.LZZZZZZZ.jpg
The Kitchen God's Wife,Amy Tan,http://images.amazon.com/images/P/0399135782.01.LZZZZZZZ.jpg
What If?: The World's Foremost Military Historians Imagine What Might Have Been,Robert Cowley,http://images.amazon.com/images/P/0425176428.01.LZZZZZZZ.jpg
PLEADING GUILTY,Scott Turow,http://images.amazon.com/images/P/0671870432.01.LZZZZZZZ.jpg
Under the Black Flag: The Romance and the Reality of Life Among the Pirates,David Cordingly,http://images.amazon.com/images/P/0679425608.01.LZZZZZZZ.jpg
Where You'll Find Me: And Other Stories,Ann Beattie,http://images.amazon.com/images/P/074322678X.01.LZZZZZZZ.jpg
Nights Below Station Street,David Adams Richards,http://images.amazon.com/images/P/0771074670.01.LZZZZZZZ.jpg
Hitler's Secret Bankers: The Myth of Swiss Neutrality During the Holocaust,Adam Lebor,http://images.amazon.com/images/P/080652121X.01.LZZZZZZZ.jpg
The Middle Stories,Sheila Heti,http://images.amazon.com/images/P/0887841740.01.LZZZZZZZ.jpg
Jane Doe,R. J. Kaiser,http://images.amazon.com/images/P/1552041778.01.LZZZZZZZ.jpg
A Second Chicken Soup for the Woman's Soul (Chicken Soup for the Soul Series),Jack Canfield,http://images.amazon.com/images/P/1558746218.01.LZZZZZZZ.jpg
The Witchfinder (Amos Walker Mystery Series),Loren D. Estleman,http://images.amazon.com/images/P/1567407781.01.LZZZZZZZ.jpg
More Cunning Than Man: A Social History of Rats and Man,Robert Hendrickson,http://images.amazon.com/images/P/1575663937.01.LZZZZZZZ.jpg
Goodbye to the Buttermilk Sky,Julia Oliver,http://images.amazon.com/images/P/1881320189.01.LZZZZZZZ.jpg
The Testament,John Grisham,http://images.amazon.com/images/P/0440234743.01.LZZZZZZZ.jpg
Beloved (Plume Contemporary Fiction),Toni Morrison,http://images.amazon.com/images/P/0452264464.01.LZZZZZZZ.jpg
Our Dumb Century: The Onion Presents 100 Years of Headlines from America's Finest News Source,The Onion,http://images.amazon.com/images/P/0609804618.01.LZZZZZZZ.jpg
New Vegetarian: Bold and Beautiful Recipes for Every Occasion,Celia Brooks Brown,http://images.amazon.com/images/P/1841721522.01.LZZZZZZZ.jpg
If I'd Known Then What I Know Now: Why Not Learn from the Mistakes of Others? : You Can't Afford to Make Them All Yourself,J. R. Parrish,http://images.amazon.com/images/P/1879384493.01.LZZZZZZZ.jpg
Mary-Kate &amp; Ashley Switching Goals (Mary-Kate and Ashley Starring in),Mary-Kate &amp; Ashley Olsen,http://images.amazon.com/images/P/0061076031.01.LZZZZZZZ.jpg
Tell Me This Isn't Happening,Robynn Clairday,http://images.amazon.com/images/P/0439095026.01.LZZZZZZZ.jpg
Flood : Mississippi 1927,Kathleen Duey,http://images.amazon.com/images/P/0689821166.01.LZZZZZZZ.jpg
Wild Animus,Rich Shapero,http://images.amazon.com/images/P/0971880107.01.LZZZZZZZ.jpg
Airframe,Michael Crichton,http://images.amazon.com/images/P/0345402871.01.LZZZZZZZ.jpg
Timeline,MICHAEL CRICHTON,http://images.amazon.com/images/P/0345417623.01.LZZZZZZZ.jpg
OUT OF THE SILENT PLANET,C.S. Lewis,http://images.amazon.com/images/P/0684823802.01.LZZZZZZZ.jpg
Prague : A Novel,ARTHUR PHILLIPS,http://images.amazon.com/images/P/0375759778.01.LZZZZZZZ.jpg
Chocolate Jesus,Stephan Jaramillo,http://images.amazon.com/images/P/0425163091.01.LZZZZZZZ.jpg
Wie Barney es sieht.,Mordecai Richler,http://images.amazon.com/images/P/3404921038.01.LZZZZZZZ.jpg
Der Fluch der Kaiserin. Ein Richter- Di- Roman.,Eleanor Cooney,http://images.amazon.com/images/P/3442353866.01.LZZZZZZZ.jpg
Sturmzeit. Roman.,Charlotte Link,http://images.amazon.com/images/P/3442410665.01.LZZZZZZZ.jpg
Tage der Unschuld.,Richard North Patterson,http://images.amazon.com/images/P/3442446937.01.LZZZZZZZ.jpg
Lying Awake,Mark Salzman,http://images.amazon.com/images/P/0375406328.01.LZZZZZZZ.jpg
To Kill a Mockingbird,Harper Lee,http://images.amazon.com/images/P/0446310786.01.LZZZZZZZ.jpg
Seabiscuit: An American Legend,LAURA HILLENBRAND,http://images.amazon.com/images/P/0449005615.01.LZZZZZZZ.jpg
Pigs in Heaven,Barbara Kingsolver,http://images.amazon.com/images/P/0060168013.01.LZZZZZZZ.jpg
Miss Zukas and the Raven's Dance,Jo Dereske,http://images.amazon.com/images/P/038078243X.01.LZZZZZZZ.jpg
Pride and Prejudice,Jane Austen,http://images.amazon.com/images/P/055321215X.01.LZZZZZZZ.jpg
The Therapeutic Touch: How to Use Your Hands to Help or to Heal,Dolores Krieger,http://images.amazon.com/images/P/067176537X.01.LZZZZZZZ.jpg
Downtown,Anne Rivers Siddons,http://images.amazon.com/images/P/0061099686.01.LZZZZZZZ.jpg
Icebound,Dean R. Koontz,http://images.amazon.com/images/P/0553582909.01.LZZZZZZZ.jpg
I'll Be Seeing You,Mary Higgins Clark,http://images.amazon.com/images/P/0671888587.01.LZZZZZZZ.jpg
From the Corner of His Eye,Dean Koontz,http://images.amazon.com/images/P/0553582747.01.LZZZZZZZ.jpg
Isle of Dogs,Patricia Cornwell,http://images.amazon.com/images/P/0425182908.01.LZZZZZZZ.jpg
Purity in Death,J.D. Robb,http://images.amazon.com/images/P/042518630X.01.LZZZZZZZ.jpg
This Year It Will Be Different: And Other Stories,Maeve Binchy,http://images.amazon.com/images/P/0440223571.01.LZZZZZZZ.jpg
Proxies,Laura J. Mixon,http://images.amazon.com/images/P/0812523873.01.LZZZZZZZ.jpg
Left Behind: A Novel of the Earth's Last Days (Left Behind #1),Tim Lahaye,http://images.amazon.com/images/P/0842342702.01.LZZZZZZZ.jpg
The Street Lawyer,JOHN GRISHAM,http://images.amazon.com/images/P/0440225701.01.LZZZZZZZ.jpg
"Love, Medicine and Miracles",M.D. Bernie S. Siegel,http://images.amazon.com/images/P/0060914068.01.LZZZZZZZ.jpg
All the King's Men,Robert Penn Warren,http://images.amazon.com/images/P/0156047624.01.LZZZZZZZ.jpg
Pacific Northwest,Hans Johannes Hoefer,http://images.amazon.com/images/P/0245542957.01.LZZZZZZZ.jpg
A Soldier of the Great War,Mark Helprin,http://images.amazon.com/images/P/0380715899.01.LZZZZZZZ.jpg
Getting Well Again,O. Carol Simonton Md,http://images.amazon.com/images/P/0553280333.01.LZZZZZZZ.jpg
Northwest Wines and Wineries,Chuck Hill,http://images.amazon.com/images/P/0961769947.01.LZZZZZZZ.jpg
An Atmosphere of Eternity: Stories of India,David Iglehart,http://images.amazon.com/images/P/0964778319.01.LZZZZZZZ.jpg
LONESOME DOVE,Larry McMurtry,http://images.amazon.com/images/P/0671623249.01.LZZZZZZZ.jpg
Shabanu: Daughter of the Wind (Border Trilogy),SUZANNE FISHER STAPLES,http://images.amazon.com/images/P/0679810307.01.LZZZZZZZ.jpg
Haveli (Laurel Leaf Books),SUZANNE FISHER STAPLES,http://images.amazon.com/images/P/0679865691.01.LZZZZZZZ.jpg
Lieux dits,Michel Tournier,http://images.amazon.com/images/P/2070423204.01.LZZZZZZZ.jpg
The Dragons of Eden: Speculations on the Evolution of Human Intelligence,Carl Sagan,http://images.amazon.com/images/P/0345260317.01.LZZZZZZZ.jpg
The yawning heights,Aleksandr Zinoviev,http://images.amazon.com/images/P/0394743741.01.LZZZZZZZ.jpg
Breathing Lessons,Anne Tyler,http://images.amazon.com/images/P/042511774X.01.LZZZZZZZ.jpg
The Joy Luck Club,Amy Tan,http://images.amazon.com/images/P/0804106304.01.LZZZZZZZ.jpg
Heart of Darkness (Wordsworth Collection),Joseph Conrad,http://images.amazon.com/images/P/1853262404.01.LZZZZZZZ.jpg
The Angel Is Near,Deepak Chopra,http://images.amazon.com/images/P/0312970242.01.LZZZZZZZ.jpg
Tess of the D'Urbervilles (Wordsworth Classics),Thomas Hardy,http://images.amazon.com/images/P/1853260053.01.LZZZZZZZ.jpg
The Adventures of Drew and Ellie: The Magical Dress,Charles Noland,http://images.amazon.com/images/P/1414035004.01.LZZZZZZZ.jpg
The Accidental Virgin,Valerie Frankel,http://images.amazon.com/images/P/0060938412.01.LZZZZZZZ.jpg
The Tao of Pooh,Benjamin Hoff,http://images.amazon.com/images/P/0140067477.01.LZZZZZZZ.jpg
Seabiscuit,LAURA HILLENBRAND,http://images.amazon.com/images/P/0345465083.01.LZZZZZZZ.jpg
The Prince,Niccolo Machiavelli,http://images.amazon.com/images/P/0451625889.01.LZZZZZZZ.jpg
Life's Little Instruction Book (Life's Little Instruction Books (Paperback)),H. Jackson Brown,http://images.amazon.com/images/P/1558531025.01.LZZZZZZZ.jpg
Starship Troopers,Robert A. Heinlein,http://images.amazon.com/images/P/0441783589.01.LZZZZZZZ.jpg
"The Ruby in the Smoke (Sally Lockhart Trilogy, Book 1)",PHILIP PULLMAN,http://images.amazon.com/images/P/0394895894.01.LZZZZZZZ.jpg
Black Beauty (Illustrated Classics),Anna Sewell,http://images.amazon.com/images/P/1569871213.01.LZZZZZZZ.jpg
Anil's Ghost,MICHAEL ONDAATJE,http://images.amazon.com/images/P/0375410538.01.LZZZZZZZ.jpg
Prescription for Terror,Sandra Levy Ceren,http://images.amazon.com/images/P/0966986105.01.LZZZZZZZ.jpg
Modern Manners: An Etiquette Book for Rude People,P.J. O'Rourke,http://images.amazon.com/images/P/087113375X.01.LZZZZZZZ.jpg
Turning Thirty,Mike Gayle,http://images.amazon.com/images/P/0340767936.01.LZZZZZZZ.jpg
Decipher,Stel Pavlou,http://images.amazon.com/images/P/0743403843.01.LZZZZZZZ.jpg
"My First Cousin Once Removed: Money, Madness, and the Family of Robert Lowell",Sarah Payne Stuart,http://images.amazon.com/images/P/0060930365.01.LZZZZZZZ.jpg
Standing Firm: A Vice-Presidential Memoir,Dan Quayle,http://images.amazon.com/images/P/0060177586.01.LZZZZZZZ.jpg
Team Bush : Leadership Lessons from the Bush White House,Donald F. Kettl,http://images.amazon.com/images/P/0071416331.01.LZZZZZZZ.jpg
The Right Man : The Surprise Presidency of George W. Bush,DAVID FRUM,http://images.amazon.com/images/P/0375509038.01.LZZZZZZZ.jpg
Daybreakers Louis Lamour Collection,Louis Lamour,http://images.amazon.com/images/P/0553062042.01.LZZZZZZZ.jpg
The Catcher in the Rye,J.D. Salinger,http://images.amazon.com/images/P/0316769487.01.LZZZZZZZ.jpg
El Senor De Los Anillos: LA Comunidad Del Anillo (Lord of the Rings (Spanish)),J. R. R. Tolkien,http://images.amazon.com/images/P/8445071408.01.LZZZZZZZ.jpg
El Senor De Los Anillos: Las DOS Torres (Lord of the Rings (Paperback)),J. R. R. Tolkien,http://images.amazon.com/images/P/8445071769.01.LZZZZZZZ.jpg
"El Senor De Los Anillos: El Retorno Del Rey (Tolkien, J. R. R. Lord of the Rings. 3.)",J. R. R. Tolkien,http://images.amazon.com/images/P/8445071777.01.LZZZZZZZ.jpg
Midnight in the Garden of Good and Evil: A Savannah Story,John Berendt,http://images.amazon.com/images/P/0679429220.01.LZZZZZZZ.jpg
Pretend You Don't See Her,Mary Higgins Clark,http://images.amazon.com/images/P/0671867156.01.LZZZZZZZ.jpg
Fast Women,Jennifer Crusie,http://images.amazon.com/images/P/0312252617.01.LZZZZZZZ.jpg
Female Intelligence,Jane Heller,http://images.amazon.com/images/P/0312261594.01.LZZZZZZZ.jpg
Pasquale's Nose: Idle Days in an Italian Town,Michael Rips,http://images.amazon.com/images/P/0316748641.01.LZZZZZZZ.jpg
The Gospel of Judas: A Novel,Simon Mawer,http://images.amazon.com/images/P/0316973742.01.LZZZZZZZ.jpg
"Prize Stories, 1987: The O'Henry Awards",William Abrahams,http://images.amazon.com/images/P/0385235941.01.LZZZZZZZ.jpg
"Rich Dad, Poor Dad: What the Rich Teach Their Kids About Money--That the Poor and Middle Class Do Not!",Robert T. Kiyosaki,http://images.amazon.com/images/P/0446677450.01.LZZZZZZZ.jpg
The Pillars of the Earth,Ken Follett,http://images.amazon.com/images/P/0451166892.01.LZZZZZZZ.jpg
McDonald's: Behind the Arches,John F. Love,http://images.amazon.com/images/P/0553347594.01.LZZZZZZZ.jpg
Creating Wealth : Retire in Ten Years Using Allen's Seven Principles of Wealth!,Robert G. Allen,http://images.amazon.com/images/P/0671621009.01.LZZZZZZZ.jpg
Corelli's Mandolin : A Novel,LOUIS DE BERNIERES,http://images.amazon.com/images/P/067976397X.01.LZZZZZZZ.jpg
"Love, Miracles, and Animal Healing : A heartwarming look at the spiritual bond between animals and humans",Pam Proctor,http://images.amazon.com/images/P/0684822733.01.LZZZZZZZ.jpg
The Five People You Meet in Heaven,Mitch Albom,http://images.amazon.com/images/P/0786868716.01.LZZZZZZZ.jpg
Tu Nombre Escrito En El Agua (La Sonrisa Vertical),Irene Gonzalez Frei,http://images.amazon.com/images/P/8472238822.01.LZZZZZZZ.jpg
Relics (Star Trek: The Next Generation),Michael Jan Friedman,http://images.amazon.com/images/P/0671864769.01.LZZZZZZZ.jpg
Bless The Beasts And Children : Bless The Beasts And Children,Glendon Swarthout,http://images.amazon.com/images/P/0671521519.01.LZZZZZZZ.jpg
"The Touch of Your Shadow, the Whisper of Your Name (Babylon 5, Book 5)",Neal Barrett Jr.,http://images.amazon.com/images/P/0440222303.01.LZZZZZZZ.jpg
Blood Oath,David Morrell,http://images.amazon.com/images/P/0312953453.01.LZZZZZZZ.jpg
The Alibi,Sandra Brown,http://images.amazon.com/images/P/0446608653.01.LZZZZZZZ.jpg
The Beach House,James Patterson,http://images.amazon.com/images/P/0446612545.01.LZZZZZZZ.jpg
A Kiss Remembered,Sandra Brown,http://images.amazon.com/images/P/0446612618.01.LZZZZZZZ.jpg
The Short Forever,Stuart Woods,http://images.amazon.com/images/P/0451208080.01.LZZZZZZZ.jpg
Dead Aim,IRIS JOHANSEN,http://images.amazon.com/images/P/0553584383.01.LZZZZZZZ.jpg
Angels &amp; Demons,Dan Brown,http://images.amazon.com/images/P/0671027360.01.LZZZZZZZ.jpg
The Deal,Joe Hutsko,http://images.amazon.com/images/P/0812575954.01.LZZZZZZZ.jpg
All He Ever Wanted: A Novel,Anita Shreve,http://images.amazon.com/images/P/0316735736.01.LZZZZZZZ.jpg
"Every Breath You Take : A True Story of Obsession, Revenge, and Murder",Ann Rule,http://images.amazon.com/images/P/0743439740.01.LZZZZZZZ.jpg
"If I Ever Get Back to Georgia, I'm Gonna Nail My Feet to the Ground",LEWIS GRIZZARD,http://images.amazon.com/images/P/0345372700.01.LZZZZZZZ.jpg
The Mosquito Coast,Paul Theroux,http://images.amazon.com/images/P/0380619458.01.LZZZZZZZ.jpg
"If Love Were Oil, I'd Be About a Quart Low",Lewis Grizzard,http://images.amazon.com/images/P/0446325805.01.LZZZZZZZ.jpg
"Goodbye, My Little Ones: The True Story of a Murderous Mother and Five Innocent Victims",Charles Hickey,http://images.amazon.com/images/P/0451406923.01.LZZZZZZZ.jpg
The Girl Who Loved Tom Gordon,Stephen King,http://images.amazon.com/images/P/0671042858.01.LZZZZZZZ.jpg
Bringing Down the House: The Inside Story of Six M.I.T. Students Who Took Vegas for Millions,Ben Mezrich,http://images.amazon.com/images/P/0743249992.01.LZZZZZZZ.jpg
"The Oneprince (The Redaemian Chronicles, Book 1)",Bill Hand,http://images.amazon.com/images/P/0840734530.01.LZZZZZZZ.jpg
The Sum of All Fears,Tom Clancy,http://images.amazon.com/images/P/0425184226.01.LZZZZZZZ.jpg
Care Packages : Letters to Christopher Reeve from Strangers and Other Friends,DANA REEVE,http://images.amazon.com/images/P/0375500766.01.LZZZZZZZ.jpg
O Deus Das Pequenas Coisas,Roy,http://images.amazon.com/images/P/9724119378.01.LZZZZZZZ.jpg
Lady in Green/Minor Indiscretions (Signet Regency Romance),Barbara Metzger,http://images.amazon.com/images/P/0451205197.01.LZZZZZZZ.jpg
One Hundred Years of Solitude,Gabriel Garcia Marquez,http://images.amazon.com/images/P/0060929790.01.LZZZZZZZ.jpg
Little Altars Everywhere: A Novel,Rebecca Wells,http://images.amazon.com/images/P/0060976845.01.LZZZZZZZ.jpg
Coyote Waits (Joe Leaphorn/Jim Chee Novels),Tony Hillerman,http://images.amazon.com/images/P/0061099325.01.LZZZZZZZ.jpg
Before I Say Good-Bye,Mary Higgins Clark,http://images.amazon.com/images/P/0671004573.01.LZZZZZZZ.jpg
Slow Waltz in Cedar Bend,Robert James Waller,http://images.amazon.com/images/P/0446601640.01.LZZZZZZZ.jpg
Twenty Minute Retreats: Revive Your Spirits in Just Minutes a Day (A Pan Self-discovery Title),Rachel Harris,http://images.amazon.com/images/P/0330484516.01.LZZZZZZZ.jpg
Atonement : A Novel,IAN MCEWAN,http://images.amazon.com/images/P/038572179X.01.LZZZZZZZ.jpg
Next: The Future Just Happened,Michael Lewis,http://images.amazon.com/images/P/0393020371.01.LZZZZZZZ.jpg
The Angelic Darkness,Richard Zimler,http://images.amazon.com/images/P/1900850303.01.LZZZZZZZ.jpg
The Soulbane Stratagem,Norman Jetmundsen,http://images.amazon.com/images/P/1903019699.01.LZZZZZZZ.jpg
Gangster,Lorenzo Carcaterra,http://images.amazon.com/images/P/0345425294.01.LZZZZZZZ.jpg
Hush,Anne Frasier,http://images.amazon.com/images/P/0451410319.01.LZZZZZZZ.jpg
"Whisper of Evil (Hooper, Kay. Evil Trilogy.)",Kay Hooper,http://images.amazon.com/images/P/0553583468.01.LZZZZZZZ.jpg
Temor y Temblor,Soren Kierkegaard,http://images.amazon.com/images/P/8420639133.01.LZZZZZZZ.jpg
Estudios sobre el amor,Jose Ortega Y Gaset,http://images.amazon.com/images/P/8476409419.01.LZZZZZZZ.jpg
Rebecca,Daphne Du Maurier,http://images.amazon.com/images/P/0380778556.01.LZZZZZZZ.jpg
Scarlet Letter,Nathaniel Hawthorne,http://images.amazon.com/images/P/0451525221.01.LZZZZZZZ.jpg
Keep It Simple: And Get More Out of Life,Nick Page,http://images.amazon.com/images/P/0002740230.01.LZZZZZZZ.jpg
Diary of a Mad Mom-To-Be,Laura Wolf,http://images.amazon.com/images/P/0385336772.01.LZZZZZZZ.jpg
Locked in Time (Laurel Leaf Books),LOIS DUNCAN,http://images.amazon.com/images/P/0440949424.01.LZZZZZZZ.jpg
Contact,Susan Grant,http://images.amazon.com/images/P/0505524996.01.LZZZZZZZ.jpg
The Brimstone Wedding,Barbara Vine,http://images.amazon.com/images/P/0140252800.01.LZZZZZZZ.jpg
The Catswold Portal,Shirley Rousseau Murphy,http://images.amazon.com/images/P/0451452755.01.LZZZZZZZ.jpg
Through Wolf's Eyes (Wolf),Jane Lindskold,http://images.amazon.com/images/P/0812575482.01.LZZZZZZZ.jpg
Puerto Vallarta Squeeze,Robert James Waller,http://images.amazon.com/images/P/044651747X.01.LZZZZZZZ.jpg
Tree Grows In Brooklyn,Betty Smith,http://images.amazon.com/images/P/0060801263.01.LZZZZZZZ.jpg
"Cybill Disobedience: How I Survived Beauty Pageants, Elvis, Sex, Bruce Willis, Lies, Marriage, Motherhood, Hollywood, and the Irrepressible Urge to Say What I Think",Cybill Shepherd,http://images.amazon.com/images/P/0061030147.01.LZZZZZZZ.jpg
Snow Angels,Stewart O'Nan,http://images.amazon.com/images/P/0140250964.01.LZZZZZZZ.jpg
Wish You Well,David Baldacci,http://images.amazon.com/images/P/0446527165.01.LZZZZZZZ.jpg
The Hitchhiker's Guide to the Galaxy,Douglas Adams,http://images.amazon.com/images/P/0671461494.01.LZZZZZZZ.jpg
Crow Lake (Today Show Book Club #7),Mary Lawson,http://images.amazon.com/images/P/0385337639.01.LZZZZZZZ.jpg
My Antonia,Willa Cather,http://images.amazon.com/images/P/039575514X.01.LZZZZZZZ.jpg
Pen Pals,Olivia Goldsmith,http://images.amazon.com/images/P/0451206673.01.LZZZZZZZ.jpg
Bridget Jones's Diary,Helen Fielding,http://images.amazon.com/images/P/0330332775.01.LZZZZZZZ.jpg
Pride and Prejudice (Dover Thrift Editions),Jane Austen,http://images.amazon.com/images/P/0486284735.01.LZZZZZZZ.jpg
EYE ON CRIME: HARDY BOYS #153,Franklin W. Dixon,http://images.amazon.com/images/P/0671021745.01.LZZZZZZZ.jpg
Skin And Bones,Franklin W. Dixon,http://images.amazon.com/images/P/0671047612.01.LZZZZZZZ.jpg
"LAW OF THE JUNGLE (HARDY BOYS CASE FILE 105) : LAW OF THE JUNGLE (Hardy Boys, The)",Franklin W. Dixon,http://images.amazon.com/images/P/0671504282.01.LZZZZZZZ.jpg
The Cat Who Came to Breakfast (Cat Who... (Hardcover)),Lilian Jackson Braun,http://images.amazon.com/images/P/0399138684.01.LZZZZZZZ.jpg
"If Singleness Is a Gift, What's the Return Policy?",Holly Virden,http://images.amazon.com/images/P/0785263292.01.LZZZZZZZ.jpg
Always Daddy's Girl: Understanding Your Father's Impact on Who You Are,H. Norman Wright,http://images.amazon.com/images/P/0830714014.01.LZZZZZZZ.jpg
Night Mare (Xanth Novels (Paperback)),Piers Anthony,http://images.amazon.com/images/P/0345354931.01.LZZZZZZZ.jpg
The Martian Chronicles,RAY BRADBURY,http://images.amazon.com/images/P/0553278223.01.LZZZZZZZ.jpg
Kabale Und Liebe,Schiller,http://images.amazon.com/images/P/3150000335.01.LZZZZZZZ.jpg
Der illustrierte Mann. Erzร?ยคhlungen.,Ray Bradbury,http://images.amazon.com/images/P/3257203659.01.LZZZZZZZ.jpg
Der Kร?ยถnig in Gelb.,Raymond Chandler,http://images.amazon.com/images/P/3257207522.01.LZZZZZZZ.jpg
Fahrenheit 451,Ray Bradbury,http://images.amazon.com/images/P/3257208626.01.LZZZZZZZ.jpg
Die Mars- Chroniken. Roman in Erzร?ยคhlungen.,Ray Bradbury,http://images.amazon.com/images/P/3257208634.01.LZZZZZZZ.jpg
Das Bร?ยถse kommt auf leisen Sohlen.,Ray Bradbury,http://images.amazon.com/images/P/3257208669.01.LZZZZZZZ.jpg
Lร?ยถwenzahnwein. Roman.,Ray Bradbury,http://images.amazon.com/images/P/3257210450.01.LZZZZZZZ.jpg
Das Kind von morgen. Erzร?ยคhlungen.,Ray Bradbury,http://images.amazon.com/images/P/3257212054.01.LZZZZZZZ.jpg
Die Mechanismen der Freude. Erzร?ยคhlungen.,Ray Bradbury,http://images.amazon.com/images/P/3257212429.01.LZZZZZZZ.jpg
Familientreffen. Erzร?ยคhlungen.,Ray Bradbury,http://images.amazon.com/images/P/3257214154.01.LZZZZZZZ.jpg
Der Tod kommt schnell in Mexico. Erzร?ยคhlungen.,Ray Bradbury,http://images.amazon.com/images/P/3257216416.01.LZZZZZZZ.jpg
Veronika Deschliesst Zu Sterben / Vernika Decides to Die,Paolo Coelho,http://images.amazon.com/images/P/3257233051.01.LZZZZZZZ.jpg
Die Liebe in Den Zelten,Gabriel Garcia Marquez,http://images.amazon.com/images/P/342311360X.01.LZZZZZZZ.jpg
Die Klone der Joanna May. Roman.,Fay Weldon,http://images.amazon.com/images/P/3423116714.01.LZZZZZZZ.jpg
Ist mein Hintern wirklich so dick? Tagebuch einer empfindsamen Frau.,Arabella Weir,http://images.amazon.com/images/P/3423241489.01.LZZZZZZZ.jpg
Haifischfrauen.,Kiana Davenport,http://images.amazon.com/images/P/3426605686.01.LZZZZZZZ.jpg
Die Cappuccino- Jahre. Aus dem Tagebuch des Adrian Mole.,Sue Townsend,http://images.amazon.com/images/P/3453212150.01.LZZZZZZZ.jpg
Schwarzer Tee mit drei Stรผck Zucker,Renan Demirkan,http://images.amazon.com/images/P/3462021095.01.LZZZZZZZ.jpg
Querschร?ยผsse - Downsize This!,Michael Moore,http://images.amazon.com/images/P/3492045642.01.LZZZZZZZ.jpg
Die Korrekturen.,Jonathan Franzen,http://images.amazon.com/images/P/3498020862.01.LZZZZZZZ.jpg
Neun Erzร?ยคhlungen.,Jerome D. Salinger,http://images.amazon.com/images/P/3499110695.01.LZZZZZZZ.jpg
"Hebt den Dachbalken hoch, Zimmerleute / Seymour wird vorgestellt.",Jerome D. Salinger,http://images.amazon.com/images/P/3499151502.01.LZZZZZZZ.jpg
"Ulysses (ร?ย?bersetzg. Wollschlร?ยคger). ( Neue Folge, 100).",James Joyce,http://images.amazon.com/images/P/3518111000.01.LZZZZZZZ.jpg
Eine ganz normale Affร?ยคre.,Joanna Trollope,http://images.amazon.com/images/P/3548254268.01.LZZZZZZZ.jpg
"Das Intimleben des Adrian Mole, 13 3/4 Jahre. cbt. ( Ab 14 J.).",Sue Townsend,http://images.amazon.com/images/P/3570300099.01.LZZZZZZZ.jpg
Das Buch der lร?ยคcherlichen Liebe.,Milan Kundera,http://images.amazon.com/images/P/3596292646.01.LZZZZZZZ.jpg
The God of Small Things,Arundhati Roy,http://images.amazon.com/images/P/0060977493.01.LZZZZZZZ.jpg
The James Dean Affair: A Neil Gulliver &amp; Stevie Marriner Novel,Robert S. Levinson,http://images.amazon.com/images/P/0312872682.01.LZZZZZZZ.jpg
The Big Bad Wolf: A Novel,James Patterson,http://images.amazon.com/images/P/0316602906.01.LZZZZZZZ.jpg
Four Blind Mice,James Patterson,http://images.amazon.com/images/P/0316693006.01.LZZZZZZZ.jpg
Private Screening,Richard North Patterson,http://images.amazon.com/images/P/0345311396.01.LZZZZZZZ.jpg
Congo,Michael Crichton,http://images.amazon.com/images/P/0345378490.01.LZZZZZZZ.jpg
Protect and Defend,Richard North Patterson,http://images.amazon.com/images/P/0345404793.01.LZZZZZZZ.jpg
The Tall Pine Polka,Lorna Landvik,http://images.amazon.com/images/P/0345433173.01.LZZZZZZZ.jpg
Memoirs of a Geisha,Arthur Golden,http://images.amazon.com/images/P/0375400117.01.LZZZZZZZ.jpg
Plainsong (Vintage Contemporaries),KENT HARUF,http://images.amazon.com/images/P/0375705856.01.LZZZZZZZ.jpg
Body of Evidence (Kay Scarpetta Mysteries (Paperback)),Patricia D. Cornwell,http://images.amazon.com/images/P/0380717018.01.LZZZZZZZ.jpg
All That Remains (Kay Scarpetta Mysteries (Paperback)),Patricia D. Cornwell,http://images.amazon.com/images/P/0380718332.01.LZZZZZZZ.jpg
The Case of the Lost Look-Alike (An Avon Camelot Book),Carol J. Farley,http://images.amazon.com/images/P/0380754509.01.LZZZZZZZ.jpg
Petals on the River,Kathleen E. Woodiwiss,http://images.amazon.com/images/P/038076654X.01.LZZZZZZZ.jpg
The Elusive Flame,Kathleen E. Woodiwiss,http://images.amazon.com/images/P/0380807866.01.LZZZZZZZ.jpg
Legacy of Silence,Belva Plain,http://images.amazon.com/images/P/0385316895.01.LZZZZZZZ.jpg
The Brethren,JOHN GRISHAM,http://images.amazon.com/images/P/0385497466.01.LZZZZZZZ.jpg
The King of Torts,John Grisham,http://images.amazon.com/images/P/0385508042.01.LZZZZZZZ.jpg
The Curious Incident of the Dog in the Night-Time : A Novel,MARK HADDON,http://images.amazon.com/images/P/0385509456.01.LZZZZZZZ.jpg
Bleachers,John Grisham,http://images.amazon.com/images/P/0385511612.01.LZZZZZZZ.jpg
Sisterhood of the Traveling Pants,ANN BRASHARES,http://images.amazon.com/images/P/0385730586.01.LZZZZZZZ.jpg
Only Love (Magical Love),Erich Segal,http://images.amazon.com/images/P/0425164403.01.LZZZZZZZ.jpg
All or Nothing (Wheeler Large Print Books),Elizabeth Adler,http://images.amazon.com/images/P/0440234964.01.LZZZZZZZ.jpg
Roses Are Red (Alex Cross Novels),James Patterson,http://images.amazon.com/images/P/0446605484.01.LZZZZZZZ.jpg
The Rescue,Nicholas Sparks,http://images.amazon.com/images/P/0446610399.01.LZZZZZZZ.jpg
Manhattan Hunt Club,JOHN SAUL,http://images.amazon.com/images/P/0449006522.01.LZZZZZZZ.jpg
Patty Jane's House of Curl (Ballantine Reader's Circle),LORNA LANDVIK,http://images.amazon.com/images/P/0449911004.01.LZZZZZZZ.jpg
Pet Sematary,Stephen King,http://images.amazon.com/images/P/0451162072.01.LZZZZZZZ.jpg
Silent Snow,Steve Thayer,http://images.amazon.com/images/P/0451186648.01.LZZZZZZZ.jpg
Girl with a Pearl Earring,Tracy Chevalier,http://images.amazon.com/images/P/0452282152.01.LZZZZZZZ.jpg
Summer of Storms,Judith Kelman,http://images.amazon.com/images/P/051513290X.01.LZZZZZZZ.jpg
The Patient,Michael Palmer,http://images.amazon.com/images/P/0553580388.01.LZZZZZZZ.jpg
"Demona's Revenge (Gargoyles, No. 2)",Francine Hughes,http://images.amazon.com/images/P/0590598848.01.LZZZZZZZ.jpg
Clifford's Sports Day,Norman Bridwell,http://images.amazon.com/images/P/0590629719.01.LZZZZZZZ.jpg
Postmortem (Kay Scarpetta Mysteries (Paperback)),Patricia Cornwell,http://images.amazon.com/images/P/0671023616.01.LZZZZZZZ.jpg
Deception Point,Dan Brown,http://images.amazon.com/images/P/0671027387.01.LZZZZZZZ.jpg
Tis : A Memoir,Frank McCourt,http://images.amazon.com/images/P/0684848783.01.LZZZZZZZ.jpg
Angels &amp; Demons,Dan Brown,http://images.amazon.com/images/P/0743486226.01.LZZZZZZZ.jpg
A Monk Swimming,Malachy McCourt,http://images.amazon.com/images/P/0786863986.01.LZZZZZZZ.jpg
Crazy Horse,Mari Sandoz,http://images.amazon.com/images/P/0803251718.01.LZZZZZZZ.jpg
The Silent Cry (William Monk Novels (Paperback)),Anne Perry,http://images.amazon.com/images/P/0804117934.01.LZZZZZZZ.jpg
The Kalahari Typing School for Men (No. 1 Ladies' Detective Agency),ALEXANDER MCCALL SMITH,http://images.amazon.com/images/P/140003180X.01.LZZZZZZZ.jpg
Chicken Soup for the Soul (Chicken Soup for the Soul),Jack Canfield,http://images.amazon.com/images/P/155874262X.01.LZZZZZZZ.jpg
Wicked: The Life and Times of the Wicked Witch of the West,Gregory Maguire,http://images.amazon.com/images/P/0060987103.01.LZZZZZZZ.jpg
Life of Pi,Yann Martel,http://images.amazon.com/images/P/0151008116.01.LZZZZZZZ.jpg
A Judgement in Stone,Ruth Rendell,http://images.amazon.com/images/P/0375704965.01.LZZZZZZZ.jpg
Lies and the Lying Liars Who Tell Them: A Fair and Balanced Look at the Right,Al Franken,http://images.amazon.com/images/P/0525947647.01.LZZZZZZZ.jpg
Secret History,DONNA TARTT,http://images.amazon.com/images/P/0804111359.01.LZZZZZZZ.jpg
Chicken Soup for the Woman's Soul (Chicken Soup for the Soul Series (Paper)),Jack Canfield,http://images.amazon.com/images/P/1558744150.01.LZZZZZZZ.jpg
Great Expectations (Heinemann Guided Readers),John Milne,http://images.amazon.com/images/P/0435272683.01.LZZZZZZZ.jpg
The Weight of Water,Anita Shreve,http://images.amazon.com/images/P/0316782505.01.LZZZZZZZ.jpg
Moving Pictures (Discworld Novels (Paperback)),Terry Pratchett,http://images.amazon.com/images/P/006102063X.01.LZZZZZZZ.jpg
Night Watch,Terry Pratchett,http://images.amazon.com/images/P/0060013117.01.LZZZZZZZ.jpg
Thief of Time,Terry Pratchett,http://images.amazon.com/images/P/0060199563.01.LZZZZZZZ.jpg
Charlotte's Web Book and Charm (Charming Classics),E. B. White,http://images.amazon.com/images/P/006052779X.01.LZZZZZZZ.jpg
Peter Pan: The Original Story (Peter Pan),J. M. Barrie,http://images.amazon.com/images/P/0060563079.01.LZZZZZZZ.jpg
My Friend Flicka,Mary O'Hara,http://images.amazon.com/images/P/0060809027.01.LZZZZZZZ.jpg
The Last Hero : A Discworld Fable (Discworld Novels (Hardcover)),Terry Pratchett,http://images.amazon.com/images/P/0061040967.01.LZZZZZZZ.jpg
Jingo: A Discworld Novel (Discworld Series/Terry Pratchett),Terry Pratchett,http://images.amazon.com/images/P/0061050474.01.LZZZZZZZ.jpg
"Maskerade: A Novel of Discworld (Pratchett, Terry. Discworld Series (New York, N.Y.).)",Terry Pratchett,http://images.amazon.com/images/P/0061052515.01.LZZZZZZZ.jpg
Interesting Times: A Novel of Discworld,Terry Pratchett,http://images.amazon.com/images/P/0061052523.01.LZZZZZZZ.jpg
"On the Bright Side, I'm Now the Girlfriend of a Sex God: Further Confessions of Georgia Nicolson",Louise Rennison,http://images.amazon.com/images/P/0064472264.01.LZZZZZZZ.jpg
Mansfield Park (Penguin Popular Classics),Jane Austen,http://images.amazon.com/images/P/0140620664.01.LZZZZZZZ.jpg
The Wind in the Willows,Kenneth Grahame,http://images.amazon.com/images/P/0312148267.01.LZZZZZZZ.jpg
The Winter King: A Novel of Arthur (The Warlord Chronicles: I),Bernard Cornwell,http://images.amazon.com/images/P/0312156960.01.LZZZZZZZ.jpg
Moonheart (Newford),Charles de Lint,http://images.amazon.com/images/P/0312890044.01.LZZZZZZZ.jpg
The King of Elfland's Daughter (Del Rey Impact),Edward John Moreton Drax Plunkett Dunsany,http://images.amazon.com/images/P/034543191X.01.LZZZZZZZ.jpg
Powder and Patch,Georgette Heyer,http://images.amazon.com/images/P/0373836023.01.LZZZZZZZ.jpg
The Picture of Dorian Gray (Modern Library (Paperback)),OSCAR WILDE,http://images.amazon.com/images/P/0375751513.01.LZZZZZZZ.jpg
The Iron Giant,Ted Hughes,http://images.amazon.com/images/P/0375801677.01.LZZZZZZZ.jpg
James and the Giant Peach,ROALD DAHL,http://images.amazon.com/images/P/0375814248.01.LZZZZZZZ.jpg
"The Amber Spyglass (His Dark Materials, Book 3)",PHILIP PULLMAN,http://images.amazon.com/images/P/0375823352.01.LZZZZZZZ.jpg
"The Golden Compass (His Dark Materials, Book 1)",PHILIP PULLMAN,http://images.amazon.com/images/P/037582345X.01.LZZZZZZZ.jpg
"The Subtle Knife (His Dark Materials, Book 2)",PHILIP PULLMAN,http://images.amazon.com/images/P/0375823468.01.LZZZZZZZ.jpg
"The Adrian Mole Diaries : The Secret Diary of Adrian Mole, Aged 13 3/4 : The Growing Pains of Adrian Mole",Sue Townsend,http://images.amazon.com/images/P/0380730448.01.LZZZZZZZ.jpg
Martian Chronicles,Ray Bradbury,http://images.amazon.com/images/P/0380973839.01.LZZZZZZZ.jpg
The Great God Pan,Donna Jo Napoli,http://images.amazon.com/images/P/0385327773.01.LZZZZZZZ.jpg
Possession: A Romance,A. S. Byatt,http://images.amazon.com/images/P/0394586239.01.LZZZZZZZ.jpg
Born Confused,Tanuja Desai Hidier,http://images.amazon.com/images/P/0439510112.01.LZZZZZZZ.jpg
Confessions of a Shopaholic,SOPHIE KINSELLA,http://images.amazon.com/images/P/0440241413.01.LZZZZZZZ.jpg
Making Minty Malone,Isabel Wolff,http://images.amazon.com/images/P/0451409256.01.LZZZZZZZ.jpg
Little Women (Signet Classic),Louisa May Alcott,http://images.amazon.com/images/P/0451523415.01.LZZZZZZZ.jpg
Emma (Signet Classics (Paperback)),Jane Austen,http://images.amazon.com/images/P/0451526279.01.LZZZZZZZ.jpg
Animal Farm,George Orwell,http://images.amazon.com/images/P/0451526341.01.LZZZZZZZ.jpg
Great Expectations (Dover Thrift Editions),Charles Dickens,http://images.amazon.com/images/P/0486415864.01.LZZZZZZZ.jpg
Eva Luna,Isabel Allende,http://images.amazon.com/images/P/0553280589.01.LZZZZZZZ.jpg
Poisonwood Bible Edition Uk,Barbara Kingsolver,http://images.amazon.com/images/P/0571197639.01.LZZZZZZZ.jpg
The Green Man : Tales from the Mythic Forest,Ellen Datlow,http://images.amazon.com/images/P/0670035262.01.LZZZZZZZ.jpg
Nicholas Nickleby (Everyman's Library),Charles Dickens,http://images.amazon.com/images/P/0679423079.01.LZZZZZZZ.jpg
Angels &amp; Insects : Two Novellas,A.S. BYATT,http://images.amazon.com/images/P/0679751343.01.LZZZZZZZ.jpg
Catch 22,Joseph Heller,http://images.amazon.com/images/P/0684833395.01.LZZZZZZZ.jpg
The Forsyte Saga : The Man of Property and In Chancery,John Galsworthy,http://images.amazon.com/images/P/0743245024.01.LZZZZZZZ.jpg
The Enchanted Wood,Enid Blyton,http://images.amazon.com/images/P/0749748001.01.LZZZZZZZ.jpg
The Folk of the Faraway Tree,Enid Blyton,http://images.amazon.com/images/P/0749748028.01.LZZZZZZZ.jpg
Angels and Visitations: A Miscellany,Neil Gaiman,http://images.amazon.com/images/P/0963094424.01.LZZZZZZZ.jpg
"League of Extraordinary Gentlemen, Vol. 2 (Comic)",Alan Moore,http://images.amazon.com/images/P/1401201172.01.LZZZZZZZ.jpg
"Preludes and Nocturnes (Sandman, Book 1)",Neil Gaiman,http://images.amazon.com/images/P/1563892278.01.LZZZZZZZ.jpg
"The League of Extraordinary Gentlemen, Vol. 1",Alan Moore,http://images.amazon.com/images/P/1563898586.01.LZZZZZZZ.jpg
Harlequin Valentine,Neil Gaiman,http://images.amazon.com/images/P/156971620X.01.LZZZZZZZ.jpg
Alpha Teach Yourself American Sign Language in 24 Hours (Alpha Teach Yourself in 24 Hours),Trudy Suggs,http://images.amazon.com/images/P/1592571301.01.LZZZZZZZ.jpg
A Man in Full,Tom Wolfe,http://images.amazon.com/images/P/0374270325.01.LZZZZZZZ.jpg
The Miracle Life of Edgar Mint: A Novel,Brady Udall,http://images.amazon.com/images/P/0375719180.01.LZZZZZZZ.jpg
October Sky: A Memoir,Homer Hickam,http://images.amazon.com/images/P/0440235502.01.LZZZZZZZ.jpg
A Painted House,John Grisham,http://images.amazon.com/images/P/044023722X.01.LZZZZZZZ.jpg
The Romance Reader,Pearl Abraham,http://images.amazon.com/images/P/1573225487.01.LZZZZZZZ.jpg
Far from the Madding Crowd (Wordsworth Classics),Thomas Hardy,http://images.amazon.com/images/P/1853260673.01.LZZZZZZZ.jpg
The Perfect Storm : A True Story of Men Against the Sea,Sebastian Junger,http://images.amazon.com/images/P/0060977477.01.LZZZZZZZ.jpg
The Battle for God,Karen Armstrong,http://images.amazon.com/images/P/0345391691.01.LZZZZZZZ.jpg
Sappho: A New Translation,Mary Barnard,http://images.amazon.com/images/P/0520011171.01.LZZZZZZZ.jpg
The Postman (Bantam Classics),David Brin,http://images.amazon.com/images/P/0553278746.01.LZZZZZZZ.jpg
The Tortilla Curtain,T. Coraghessan Boyle,http://images.amazon.com/images/P/0670856045.01.LZZZZZZZ.jpg
Symposium,Paul Woodruff,http://images.amazon.com/images/P/0872200760.01.LZZZZZZZ.jpg
The What's Happening to My Body? Book for Boys: A Growing Up Guide for Parents and Sons,Lynda Madaras,http://images.amazon.com/images/P/0937858994.01.LZZZZZZZ.jpg
OBJECT AFFECTION,Stephen McCauley,http://images.amazon.com/images/P/0671649949.01.LZZZZZZZ.jpg
The Journey Home,Isabelle Holland,http://images.amazon.com/images/P/0590431110.01.LZZZZZZZ.jpg
Taking the Ferry Home,Pam Conrad,http://images.amazon.com/images/P/0064470113.01.LZZZZZZZ.jpg
Angel of Hope (Mercy Trilogy),Lurlene McDaniel,http://images.amazon.com/images/P/0553571486.01.LZZZZZZZ.jpg
The Breach,Brian Kaufman,http://images.amazon.com/images/P/0972044205.01.LZZZZZZZ.jpg
Neanderthal: A Novel,John Darnton,http://images.amazon.com/images/P/0312963009.01.LZZZZZZZ.jpg
A Small Dark Place,Martin Schenk,http://images.amazon.com/images/P/0345430476.01.LZZZZZZZ.jpg
The Rivan Codex : Ancient Texts of THE BELGARIAD and THE MALLOREON,DAVID EDDINGS,http://images.amazon.com/images/P/0345435869.01.LZZZZZZZ.jpg
Babyhood,Paul Reiser,http://images.amazon.com/images/P/0380728729.01.LZZZZZZZ.jpg
Year's Best Fantasy (Year's Best Fantasy),David G. Hartwell,http://images.amazon.com/images/P/038081840X.01.LZZZZZZZ.jpg
Dave Barry in Cyberspace,Dave Barry,http://images.amazon.com/images/P/0449912302.01.LZZZZZZZ.jpg
Wolf Moon,John R. Holt,http://images.amazon.com/images/P/055329198X.01.LZZZZZZZ.jpg
The War in Heaven (Eternal Warriors),Theodore Beale,http://images.amazon.com/images/P/0671018930.01.LZZZZZZZ.jpg
Waiting,Frank M. Robinson,http://images.amazon.com/images/P/0812541642.01.LZZZZZZZ.jpg
Nowhere To Run,Mary Jane Clark,http://images.amazon.com/images/P/0312988699.01.LZZZZZZZ.jpg
Frankenstein (Dover Thrift Editions),Mary Wollstonecraft Shelley,http://images.amazon.com/images/P/0486282112.01.LZZZZZZZ.jpg
El gust amarg de la cervesa (Collecciรณ Clร ssica),Isabel-Clara Simรณ,http://images.amazon.com/images/P/8483007010.01.LZZZZZZZ.jpg
Urn Burial,Robert Westall,http://images.amazon.com/images/P/0670815373.01.LZZZZZZZ.jpg
All Our Yesterdays (Large Print),Robert B. Parker,http://images.amazon.com/images/P/0385313748.01.LZZZZZZZ.jpg
What Shall I Be (Barbie Carryalong),Rita Chapman Works,http://images.amazon.com/images/P/1575843366.01.LZZZZZZZ.jpg
ALL THAT REMAINS,Patricia Cornwell,http://images.amazon.com/images/P/0684193957.01.LZZZZZZZ.jpg
Last Chance to See,Douglas Adams,http://images.amazon.com/images/P/0345371984.01.LZZZZZZZ.jpg
Vinegar Hill (Oprah's Book Club (Paperback)),A. Manette Ansay,http://images.amazon.com/images/P/0380730138.01.LZZZZZZZ.jpg
Affinity,Sarah Waters,http://images.amazon.com/images/P/1573228737.01.LZZZZZZZ.jpg
Diario de Ana Frank,Anne Frank,http://images.amazon.com/images/P/9681500555.01.LZZZZZZZ.jpg
Desert Notes/River Notes,Barry Lopez,http://images.amazon.com/images/P/0380711109.01.LZZZZZZZ.jpg
"The Best Democracy Money Can Buy: The Truth About Corporate Cons, Globalization and High-Finance Fraudsters",Greg Palast,http://images.amazon.com/images/P/0452283914.01.LZZZZZZZ.jpg
The Hunt for Red October,Tom Clancy,http://images.amazon.com/images/P/0425120279.01.LZZZZZZZ.jpg
The Music Box,Andrea Kane,http://images.amazon.com/images/P/067153484X.01.LZZZZZZZ.jpg
Liberty Falling (Anna Pigeon Mysteries (Paperback)),Nevada Barr,http://images.amazon.com/images/P/0380728273.01.LZZZZZZZ.jpg
El Palacio de La Luna,Paul Auster,http://images.amazon.com/images/P/8433914545.01.LZZZZZZZ.jpg
Mientras Escribo,Stephen King,http://images.amazon.com/images/P/8484509141.01.LZZZZZZZ.jpg
Killer Market (Deborah Knott Mysteries (Paperback)),Margaret Maron,http://images.amazon.com/images/P/0446606197.01.LZZZZZZZ.jpg
Remembering Peter Gzowski : A Book of Tributes,EDNA BARKER,http://images.amazon.com/images/P/0771076002.01.LZZZZZZZ.jpg
The Best Canadian Animal Stories: Classic Tales by Master Storytellers,Muriel Whitaker,http://images.amazon.com/images/P/0771088191.01.LZZZZZZZ.jpg
Trying to Save Piggy Sneed,John Irving,http://images.amazon.com/images/P/1559703237.01.LZZZZZZZ.jpg
"Herr Der Fliegen (Fiction, Poetry and Drama)",Golding,http://images.amazon.com/images/P/3596214629.01.LZZZZZZZ.jpg
Seattle Access,HarperReference,http://images.amazon.com/images/P/0062770500.01.LZZZZZZZ.jpg
REAL GUIDE: CALIFORNIA AND THE WEST COAST (The Real guides),LTD,http://images.amazon.com/images/P/0671847546.01.LZZZZZZZ.jpg
Bel Canto,Ann Patchett,http://images.amazon.com/images/P/0060188731.01.LZZZZZZZ.jpg
James and the Giant Peach,Roald Dahl,http://images.amazon.com/images/P/0140374248.01.LZZZZZZZ.jpg
The Secret Life of Bees,Sue Monk Kidd,http://images.amazon.com/images/P/0142001740.01.LZZZZZZZ.jpg
What a Wonderful World: A Lifetime of Recordings,Bob Thiele,http://images.amazon.com/images/P/0195086295.01.LZZZZZZZ.jpg
Digital Fortress : A Thriller,Dan Brown,http://images.amazon.com/images/P/0312995423.01.LZZZZZZZ.jpg
The Ladies of Missalonghi,Colleen McCullough,http://images.amazon.com/images/P/0380704587.01.LZZZZZZZ.jpg
Blackberry Wine : A Novel,Joanne Harris,http://images.amazon.com/images/P/0380815923.01.LZZZZZZZ.jpg
The Firm,John Grisham,http://images.amazon.com/images/P/0385416342.01.LZZZZZZZ.jpg
How the Irish Saved Civilization: The Untold Story of Ireland's Heroic Role from the Fall of Rome to the Rise of Medieval Europe (Hinges of History),Thomas Cahill,http://images.amazon.com/images/P/0385418493.01.LZZZZZZZ.jpg
The Client,John Grisham,http://images.amazon.com/images/P/038542471X.01.LZZZZZZZ.jpg
Thieves of Light (Photon : the Ultimate Game on Planet Earth),Michael Hudson,http://images.amazon.com/images/P/0425098109.01.LZZZZZZZ.jpg
Horse Heaven (Ballantine Reader's Circle),Jane Smiley,http://images.amazon.com/images/P/0449005410.01.LZZZZZZZ.jpg
Danger,Dick Francis,http://images.amazon.com/images/P/0449202631.01.LZZZZZZZ.jpg
Proof,Dick Francis,http://images.amazon.com/images/P/0449207544.01.LZZZZZZZ.jpg
Heart of the Sea (Irish Trilogy),Nora Roberts,http://images.amazon.com/images/P/0515128554.01.LZZZZZZZ.jpg
Mostly Harmless,Douglas Adams,http://images.amazon.com/images/P/0517577402.01.LZZZZZZZ.jpg
I Spy: A Book of Picture Riddles,Jean Marzollo,http://images.amazon.com/images/P/0590450875.01.LZZZZZZZ.jpg
I Spy Spooky Night: A Book of Picture Riddles (I Spy Books),Walter Wick,http://images.amazon.com/images/P/0590481371.01.LZZZZZZZ.jpg
Lake News,Barbara Delinsky,http://images.amazon.com/images/P/067103619X.01.LZZZZZZZ.jpg
The SKULL BENEATH THE SKIN,P. D. James,http://images.amazon.com/images/P/0684177730.01.LZZZZZZZ.jpg
NEW SHOE,Arthur William Upfield,http://images.amazon.com/images/P/0684180200.01.LZZZZZZZ.jpg
An Accidental Woman,Barbara Delinsky,http://images.amazon.com/images/P/0743411269.01.LZZZZZZZ.jpg
The Snow Garden,Christopher Rice,http://images.amazon.com/images/P/0743470389.01.LZZZZZZZ.jpg
The Doorbell Rang (The Best Mysteries of All Time),Rex Stout,http://images.amazon.com/images/P/076218857X.01.LZZZZZZZ.jpg
A Year by the Sea: Thoughts of an Unfinished Woman,Joan Anderson,http://images.amazon.com/images/P/0767905938.01.LZZZZZZZ.jpg
Though I walk through the valley,Vance Havner,http://images.amazon.com/images/P/0800706544.01.LZZZZZZZ.jpg
Victorious Christians You Should Know,Warren W. Wiersbe,http://images.amazon.com/images/P/0801096677.01.LZZZZZZZ.jpg
Life Lessons: Book Of Hebrews,Max Lucado,http://images.amazon.com/images/P/0849953014.01.LZZZZZZZ.jpg
Inside out,Lawrence J Crabb,http://images.amazon.com/images/P/0891091963.01.LZZZZZZZ.jpg
Son Rise: The Miracle Continues,Barry Neil Kaufman,http://images.amazon.com/images/P/0915811537.01.LZZZZZZZ.jpg
Unveiled at Last,Bob Sjogren,http://images.amazon.com/images/P/0927545373.01.LZZZZZZZ.jpg
The Day I Almost Quit,Frederick J. Moody,http://images.amazon.com/images/P/1575024179.01.LZZZZZZZ.jpg
"Serving As Senders: How to Care for Your Missionaries While They Are Preparing to Go, While They Are on the Field, When They Return Home",Neal Pirolo,http://images.amazon.com/images/P/1880185008.01.LZZZZZZZ.jpg
House of Stairs,William Sleator,http://images.amazon.com/images/P/0140345809.01.LZZZZZZZ.jpg
The Little Prince,Antoine de Saint-Exupรฉry,http://images.amazon.com/images/P/0156528207.01.LZZZZZZZ.jpg
Jonathan Livingston Seagull,Richard Bach,http://images.amazon.com/images/P/0380012863.01.LZZZZZZZ.jpg
The Crystal Handbook,Kevin Sullivan,http://images.amazon.com/images/P/0451154916.01.LZZZZZZZ.jpg
Simple Wicca (Simple Wisdom Book),Michele Morgan,http://images.amazon.com/images/P/0785815147.01.LZZZZZZZ.jpg
"The Complete Book of Incense, Oils &amp; Brews (Llewellyn's Practical Magick)","Scott, Cunningham",http://images.amazon.com/images/P/0875421288.01.LZZZZZZZ.jpg
"The Western Mysteries: An Encyclopedic Guide to the Sacred Languages &amp; Magickal Systems of the World : The Key of It All, Book II (Key of It All)",David Allen Hulse,http://images.amazon.com/images/P/1567184294.01.LZZZZZZZ.jpg
Astral Travel for Beginners (For Beginners),Richard Webster,http://images.amazon.com/images/P/156718796X.01.LZZZZZZZ.jpg
New Perspectives: Runes,Bernard King,http://images.amazon.com/images/P/1862047626.01.LZZZZZZZ.jpg
Rosie'S Walk,Pat Hutchins,http://images.amazon.com/images/P/0020437501.01.LZZZZZZZ.jpg
Julius Caesar (Oxford School Shakespeare),William Shakespeare,http://images.amazon.com/images/P/0198320264.01.LZZZZZZZ.jpg
"Santa Brought A Son : Marrying The Boss's Daughter (Silhouette Romance, 1698)",Melissa McClone,http://images.amazon.com/images/P/0373196989.01.LZZZZZZZ.jpg
"Marry Me ... Again   Montana Mavericks (Silhouette Special Edition, 1558)",Cheryl St. John,http://images.amazon.com/images/P/0373245580.01.LZZZZZZZ.jpg
Alice's Adventures in Wonderland and Through the Looking Glass,Lewis Carroll,http://images.amazon.com/images/P/0451527747.01.LZZZZZZZ.jpg
Moonlight Becomes You,Mary Higgins Clark,http://images.amazon.com/images/P/0671867113.01.LZZZZZZZ.jpg
The Adventures of Tom Sawyer,Mark Twain,http://images.amazon.com/images/P/0812504208.01.LZZZZZZZ.jpg
Divine Secrets of the Ya-Ya Sisterhood : A Novel,Rebecca Wells,http://images.amazon.com/images/P/0060173289.01.LZZZZZZZ.jpg
Lakota Woman,Dog Mary Crow,http://images.amazon.com/images/P/0060973897.01.LZZZZZZZ.jpg
The Perfect Storm : A True Story of Men Against the Sea,Sebastian Junger,http://images.amazon.com/images/P/006101351X.01.LZZZZZZZ.jpg
"Heroes of Their Own Lives: The Politics and History of Family Violence, Boston 1880-1960",Linda Gordon,http://images.amazon.com/images/P/0140104682.01.LZZZZZZZ.jpg
The Florence King Reader,Florence King,http://images.amazon.com/images/P/0312143370.01.LZZZZZZZ.jpg
The Lovely Bones: A Novel,Alice Sebold,http://images.amazon.com/images/P/0316666343.01.LZZZZZZZ.jpg
Impossible Vacation,Spalding Gray,http://images.amazon.com/images/P/039456894X.01.LZZZZZZZ.jpg
Hannibal,Thomas Harris,http://images.amazon.com/images/P/0440224675.01.LZZZZZZZ.jpg
London : The Novel,EDWARD RUTHERFURD,http://images.amazon.com/images/P/0449002632.01.LZZZZZZZ.jpg
Life Before Man,Margaret Atwood,http://images.amazon.com/images/P/0449213773.01.LZZZZZZZ.jpg
Cavedweller,Dorothy Allison,http://images.amazon.com/images/P/0452279690.01.LZZZZZZZ.jpg
The Robber Bride,Margaret Atwood,http://images.amazon.com/images/P/0553569058.01.LZZZZZZZ.jpg
Wouldn't Take Nothing for My Journey Now,MAYA ANGELOU,http://images.amazon.com/images/P/0679427430.01.LZZZZZZZ.jpg
The House of Mirth (Library of America),Edith Wharton,http://images.amazon.com/images/P/0679725393.01.LZZZZZZZ.jpg
Ohitika Woman,Mary Brave Bird,http://images.amazon.com/images/P/0802114369.01.LZZZZZZZ.jpg
Black Elk Speaks: Being the Life Story of a Holy Man of the Oglala Sioux,John G. Neihardt,http://images.amazon.com/images/P/0803233019.01.LZZZZZZZ.jpg
The Community in America,Roland Warren,http://images.amazon.com/images/P/0819154946.01.LZZZZZZZ.jpg
"The Best in Tent Camping: Smoky Mountains : A Guide for Campers Who Hate Rvs, Concrete Slabs, and Loud Portable Stereos (Best in Tent Camping Colorado)",Johnny Molloy,http://images.amazon.com/images/P/0897322339.01.LZZZZZZZ.jpg
Mawrdew Czgowchwz (New York Review Books Classics),James McCourt,http://images.amazon.com/images/P/0940322978.01.LZZZZZZZ.jpg
Prozac Nation: Young and Depressed in America : A Memoir,Elizabeth Wurtzel,http://images.amazon.com/images/P/1573225126.01.LZZZZZZZ.jpg
The Journey From Here,Bill Bradley,http://images.amazon.com/images/P/1579651658.01.LZZZZZZZ.jpg
The Four Agreements: A Practical Guide to Personal Freedom,Don Miguel Ruiz,http://images.amazon.com/images/P/1878424319.01.LZZZZZZZ.jpg
El desarrollo de Leonardo da Vinci (Biografรญas y memorias),Luis Racionero,http://images.amazon.com/images/P/8401351421.01.LZZZZZZZ.jpg
Gastronomia divina (L'รกncora),Eugeni Perea Simรณn,http://images.amazon.com/images/P/8423324311.01.LZZZZZZZ.jpg
Desaparecido: LA Autentica Historia De LA Ejecucion De Charles Horman,Thomas Hauser,http://images.amazon.com/images/P/8427007450.01.LZZZZZZZ.jpg
Hotel Europa (El Balancรญ),Vicenรง Villatoro,http://images.amazon.com/images/P/8429734996.01.LZZZZZZZ.jpg
La dona dels ulls de pluja: Barcelona anys 90 (El Balancรญ),Vรญctor Mora,http://images.amazon.com/images/P/8429736131.01.LZZZZZZZ.jpg
El paraรญso (Tiempos modernos),Elena Castedo,http://images.amazon.com/images/P/8440616252.01.LZZZZZZZ.jpg
Negra i consentida (Colยจlecciรณ El Mirall),Ofรจlia Dracs,http://images.amazon.com/images/P/8472224260.01.LZZZZZZZ.jpg
Essa efa (Colยจlecciรณ El Mirall i el temps),Ofรจlia Dracs,http://images.amazon.com/images/P/8472227421.01.LZZZZZZZ.jpg
Espurnes de sang (La Negra),Antoni Serra,http://images.amazon.com/images/P/8474103347.01.LZZZZZZZ.jpg
Les llengรผes d'Africa (Biblioteca universal Empรบries),M. Carme Junyent,http://images.amazon.com/images/P/8475960936.01.LZZZZZZZ.jpg
Trร nsit (Area contemporร nia),Jaume Capรณ,http://images.amazon.com/images/P/8477830029.01.LZZZZZZZ.jpg
L'home del sac,Mร rius Serra,http://images.amazon.com/images/P/8478091246.01.LZZZZZZZ.jpg
Grร cies per la propina (Columna),Ferran Torrent,http://images.amazon.com/images/P/8478097732.01.LZZZZZZZ.jpg
El dia que es va cremar el Liceu (La primera Columna),Joan Agut,http://images.amazon.com/images/P/8478098267.01.LZZZZZZZ.jpg
Cรณmo ser una mujer y no morir en el intento (Colecciรณn El Papagayo),Carmen Rico-Godoy,http://images.amazon.com/images/P/8478800336.01.LZZZZZZZ.jpg
Una casa en Irlanda,Maeve Binchy,http://images.amazon.com/images/P/8478884963.01.LZZZZZZZ.jpg
La mirada del tafur (Colยจlecciรณ clร ssica),Ferran Torrent,http://images.amazon.com/images/P/8483002523.01.LZZZZZZZ.jpg
Amorrada al pilรณ (Columna),Maria Jaรฉn,http://images.amazon.com/images/P/8486433193.01.LZZZZZZZ.jpg
Blur (Melody Maker),Paul Lester,http://images.amazon.com/images/P/0600586898.01.LZZZZZZZ.jpg
War and Peace (Wordsworth Classics),Leo Tolstoy,http://images.amazon.com/images/P/1853260622.01.LZZZZZZZ.jpg
A-Z of Behaving Badly,Simon Nye,http://images.amazon.com/images/P/1857938011.01.LZZZZZZZ.jpg
He Understanding Masculine Psychology,Robert A Johnson,http://images.amazon.com/images/P/0060804157.01.LZZZZZZZ.jpg
Las DOS Muertes De Gardel (Ficcionario),Horacio Vazquez-Rial,http://images.amazon.com/images/P/8466601090.01.LZZZZZZZ.jpg
You Can Surf the Net: Your Guide to the World of the Internet,Marc Gascoigne,http://images.amazon.com/images/P/0140382658.01.LZZZZZZZ.jpg
I Want to Be...a Veterinarian (I Want to Be... Series),Stephanie Maze,http://images.amazon.com/images/P/0152012966.01.LZZZZZZZ.jpg
Alice's Tulips,Sandra Dallas,http://images.amazon.com/images/P/0312283784.01.LZZZZZZZ.jpg
Centaur Aisle,Piers Anthony,http://images.amazon.com/images/P/0345297709.01.LZZZZZZZ.jpg
Crewel Lye,Piers Anthony,http://images.amazon.com/images/P/0345313097.01.LZZZZZZZ.jpg
Dragonflight (Dragonriders of Pern Trilogy (Paperback)),Anne McCaffrey,http://images.amazon.com/images/P/0345335465.01.LZZZZZZZ.jpg
Last Sword of Power (Stones of Power),David Gemmell,http://images.amazon.com/images/P/0345416848.01.LZZZZZZZ.jpg
Dating Big Bird,Laura Zigman,http://images.amazon.com/images/P/0385333404.01.LZZZZZZZ.jpg
The Firm,John Grisham,http://images.amazon.com/images/P/044021145X.01.LZZZZZZZ.jpg
Murder at the Kennedy Center (Capital Crime Mysteries),Margaret Truman,http://images.amazon.com/images/P/0449212084.01.LZZZZZZZ.jpg
"Guinness World Records 2000 (Guinness Book of Records, 2000)",Nic Kynaston,http://images.amazon.com/images/P/0553582682.01.LZZZZZZZ.jpg
Forever Amber Brown (Amber Brown (Paperback)),Paula Danziger,http://images.amazon.com/images/P/0590947257.01.LZZZZZZZ.jpg
Philip Jose Farmer's The Dungeon,Richard A. Lupoff,http://images.amazon.com/images/P/074345829X.01.LZZZZZZZ.jpg
Pool of Radiance: The Ruins of Myth Drannor (Forgotten Realms),Carrie Bebris,http://images.amazon.com/images/P/0786913878.01.LZZZZZZZ.jpg
"Feminism and Suffrage: The Emergence of an Independent Women's Movement in America, 1848-1869",Ellen Carol Dubois,http://images.amazon.com/images/P/0801491827.01.LZZZZZZZ.jpg
Why Are Boys So Weird (Tales from Third Grade),Candice F. Ransom,http://images.amazon.com/images/P/0816729913.01.LZZZZZZZ.jpg
Sheldon &amp; Mrs. Levine: An Excruciating Correspondence,Sam Bobrick,http://images.amazon.com/images/P/0843136685.01.LZZZZZZZ.jpg
Black Beauty (Great Illustrated Classics (Playmore)),Anna Sewell,http://images.amazon.com/images/P/0866119531.01.LZZZZZZZ.jpg
Oliver Twist (Great Illustrated Classics),Charles Dickens,http://images.amazon.com/images/P/0866119566.01.LZZZZZZZ.jpg
The wild ponies of Assateague Island (Books for young explorers),Donna K Grosvenor,http://images.amazon.com/images/P/0870441663.01.LZZZZZZZ.jpg
Frankenstein (Illustrated Classics Series),Mary Wollstonecraft Shelley,http://images.amazon.com/images/P/1561561428.01.LZZZZZZZ.jpg
The Scarlet Letter,NATHANIEL HAWTHORNE,http://images.amazon.com/images/P/0553210092.01.LZZZZZZZ.jpg
Dragonsong (Harper Hall Trilogy),Anne McCaffrey,http://images.amazon.com/images/P/0553258524.01.LZZZZZZZ.jpg
The Watch House,Robert Westall,http://images.amazon.com/images/P/0688163726.01.LZZZZZZZ.jpg
Was It Something I Said?,Valerie Block,http://images.amazon.com/images/P/1569471096.01.LZZZZZZZ.jpg
Cloud Nine,Luanne Rice,http://images.amazon.com/images/P/055358099X.01.LZZZZZZZ.jpg
The Lovely Bones,Alice Sebold,http://images.amazon.com/images/P/0316168815.01.LZZZZZZZ.jpg
The Tortilla Curtain,T. Coraghessan Boyle,http://images.amazon.com/images/P/014023828X.01.LZZZZZZZ.jpg
Sarah Conley,Ellen Gilchrist,http://images.amazon.com/images/P/0316314927.01.LZZZZZZZ.jpg
A Widow for One Year,JOHN IRVING,http://images.amazon.com/images/P/0345424719.01.LZZZZZZZ.jpg
The Clearing,TIM GAUTREAUX,http://images.amazon.com/images/P/0375414746.01.LZZZZZZZ.jpg
Empire Falls,Richard Russo,http://images.amazon.com/images/P/0375726403.01.LZZZZZZZ.jpg
Oryx and Crake,Margaret Atwood,http://images.amazon.com/images/P/0385503857.01.LZZZZZZZ.jpg
Sophie's World: A Novel About the History of Philosophy (Berkeley Signature Edition),Jostein Gaarder,http://images.amazon.com/images/P/0425156842.01.LZZZZZZZ.jpg
Black and Blue,ANNA QUINDLEN,http://images.amazon.com/images/P/0440226104.01.LZZZZZZZ.jpg
Le Divorce (William Abrahams Book),Diane Johnson,http://images.amazon.com/images/P/0452277337.01.LZZZZZZZ.jpg
The Face,DEAN KOONTZ,http://images.amazon.com/images/P/0553802488.01.LZZZZZZZ.jpg
She's Come Undone (Oprah's Book Club),Wally Lamb,http://images.amazon.com/images/P/0671021001.01.LZZZZZZZ.jpg
Falling Leaves: The True Story of an Unwanted Chinese Daughter,Adeline Yen Mah,http://images.amazon.com/images/P/0767903579.01.LZZZZZZZ.jpg
Nickel and Dimed: On (Not) Getting By in America,Barbara Ehrenreich,http://images.amazon.com/images/P/0805063897.01.LZZZZZZZ.jpg
"The Game of Kings (Lymond Chronicles, 1)",DOROTHY DUNNETT,http://images.amazon.com/images/P/0679777431.01.LZZZZZZZ.jpg
"RUSSIA HOUSE, THE",JOHN LE CARRE,http://images.amazon.com/images/P/0553285343.01.LZZZZZZZ.jpg
Solv-A-Crime Puzzles (Dover Game and Puzzle Activity Books),A. C. Gordon,http://images.amazon.com/images/P/0486285529.01.LZZZZZZZ.jpg
The First Wives Club Movie Tie In,Olivia Goldsmith,http://images.amazon.com/images/P/0671002481.01.LZZZZZZZ.jpg
Selected Poems of Emily Dickinson,Emily Dickinson,http://images.amazon.com/images/P/0812523385.01.LZZZZZZZ.jpg
Watercolor School (Reader's Digest Learn-As-You-Go Guides),Hazel Harrison,http://images.amazon.com/images/P/0895774666.01.LZZZZZZZ.jpg
Joshua In the Holy Land,Joseph Girzone,http://images.amazon.com/images/P/0020199090.01.LZZZZZZZ.jpg
The Messenger,JOSEPH GIRZONE,http://images.amazon.com/images/P/0385495145.01.LZZZZZZZ.jpg
Sisters of the Earth: Women's Prose and Poetry About Nature,Lorraine Anderson,http://images.amazon.com/images/P/0679733825.01.LZZZZZZZ.jpg
Left Behind: A Novel of the Earth's Last Days (Left Behind No. 1),Tim Lahaye,http://images.amazon.com/images/P/0842329129.01.LZZZZZZZ.jpg
Househusband,AD HUDLER,http://images.amazon.com/images/P/0345451260.01.LZZZZZZZ.jpg
Life Messages: Inspiration For The Woman's Spirit,Josephine Carlton,http://images.amazon.com/images/P/0740700235.01.LZZZZZZZ.jpg
Letters from a Nut,Ted L. Nancy,http://images.amazon.com/images/P/0380973545.01.LZZZZZZZ.jpg
Karl Marx: A Life,Francis Wheen,http://images.amazon.com/images/P/0393321576.01.LZZZZZZZ.jpg
The Shining,Stephen King,http://images.amazon.com/images/P/0743424425.01.LZZZZZZZ.jpg
The Diary of Ellen Rimbauer: My Life at Rose Red,Joyce Reardon,http://images.amazon.com/images/P/0786868015.01.LZZZZZZZ.jpg